CIDR,ASN,Hits
2406:2d40:2000::/38, 14593, 2687
2406:2d40:3000::/38, 14593, 2538
2406:2d40:3400::/38, 14593, 2538
2406:2d40:4000::/38, 14593, 2620
2406:2d40:4400::/38, 14593, 2621
2406:2d40:4c00::/38, 14593, 2621
2406:2d40:5000::/38, 14593, 1700
2406:2d40:5400::/38, 14593, 2639
2406:2d40:6000::/38, 14593, 2552
2406:2d40:7000::/38, 14593, 2569
2406:2d40:7400::/38, 14593, 2569
2406:2d40:8000::/38, 14593, 2550
2406:2d40:8400::/38, 14593, 2552
2406:2d40:9000::/38, 14593, 2609
2406:2d40:9400::/38, 14593, 2525
2406:2d40:c000::/38, 14593, 2602
2605:59c0::/38, 14593, 1653
2605:59c0:400::/38, 14593, 1653
2605:59c0:1000::/38, 14593, 1654
2605:59c0:1400::/38, 14593, 1654
2605:59c0:2000::/38, 14593, 1656
2605:59c0:3000::/38, 14593, 1680
2605:59c0:4000::/38, 14593, 1678
2605:59c0:5005::/48, 14593, 1644
2605:59c0:5006::/48, 14593, 1650
2605:59c0:500a::/48, 14593, 1650
2605:59c0:500c::/48, 14593, 1679
2605:59c0:500d::/48, 14593, 1667
2605:59c0:5013::/48, 14593, 2619
2605:59c0:5015::/48, 14593, 1643
2605:59c0:5016::/48, 14593, 2542
2605:59c0:5017::/48, 14593, 1658
2605:59c0:5019::/48, 14593, 2569
2605:59c0:501f::/48, 14593, 1645
2605:59c0:5023::/48, 14593, 1668
2605:59c0:5027::/48, 14593, 1391
2605:59c0:5028::/48, 14593, 2551
2605:59c0:5029::/48, 14593, 1645
2605:59c7:2001::/48, 14593, 1667
2605:59c7:9000::/48, 14593, 1646
2605:59c7:9006::/48, 14593, 1646
2605:59c7:900a::/48, 14593, 1646
2605:59c7:f000::/47, 14593, 1623
2605:59c7:f000::/42, 14593, 1672
2605:59c7:f001::/48, 14593, 1667
2605:59c7:f002::/48, 14593, 1667
2605:59c7:f003::/48, 14593, 1655
2605:59c7:f004::/48, 14593, 1643
2605:59c7:f005::/48, 14593, 1643
2605:59c7:f0c0::/48, 14593, 1643
2605:59c8::/38, 14593, 1677
2605:59c8:400::/38, 14593, 1677
2605:59c8:800::/38, 14593, 1677
2605:59c8:1000::/38, 14593, 1657
2605:59c8:1400::/38, 14593, 1657
2605:59c8:1800::/38, 14593, 1657
2605:59c8:2000::/38, 14593, 1661
2605:59c8:2400::/38, 14593, 1661
2605:59c8:2800::/38, 14593, 1661
2605:59c8:2c00::/38, 14593, 1661
2605:59c8:3000::/38, 14593, 1648
2605:59c8:3400::/38, 14593, 1648
2605:59c8:4000::/38, 14593, 1656
2605:59c8:4400::/38, 14593, 1656
2605:59c8:5000::/38, 14593, 1651
2605:59c8:6000::/38, 14593, 1644
2605:59c8:6400::/38, 14593, 1644
2605:59c8:6800::/38, 14593, 1643
2605:59c8:7000::/38, 14593, 1654
2605:59c8:7400::/38, 14593, 1653
2605:59c8:8000::/40, 14593, 1640
2605:59c9::/38, 14593, 1632
2605:59c9::/36, 14593, 1627
2605:59c9:400::/38, 14593, 1631
2605:59c9:1000::/38, 14593, 1704
2605:59ca::/38, 14593, 1644
2605:59ca::/36, 14593, 1628
2605:59ca:1000::/38, 14593, 1668
2605:59ca:1400::/38, 14593, 1667
2620:134:b0ff::/48, 14593, 2762
2803:9810:2000::/48, 14593, 1674
2803:9810:3000::/38, 14593, 1686
2803:9810:4000::/38, 14593, 1684
2803:9810:4400::/38, 14593, 1684
2803:9810:4800::/38, 14593, 1683
2803:9810:5000::/38, 14593, 1684
2803:9810:5400::/38, 14593, 1684
2803:9810:6000::/38, 14593, 1670
2803:9810:7000::/38, 14593, 1674
2803:9810:8000::/38, 14593, 1656
2803:9810:9000::/38, 14593, 1656
2803:9810:a000::/38, 14593, 1652
2803:9810:a400::/38, 14593, 1653
2803:9810:b000::/38, 14593, 1677
2803:9810:b400::/38, 14593, 1677
2a0d:3340:f000::/38, 14593, 2494
2a0d:3340:f400::/38, 14593, 1663
2a0d:3341:b000::/38, 14593, 1701
2a0d:3341:c000::/38, 14593, 2496
2a0d:3341:c400::/38, 14593, 1654
2a0d:3344::/38, 14593, 1647
2a0d:3344:400::/38, 14593, 1647
2a0d:3344:800::/38, 14593, 1648
2a0d:3344:c00::/38, 14593, 1648
2a0d:3344:1000::/38, 14593, 1699
2a0d:3344:1400::/38, 14593, 1699
2a0d:3344:1800::/38, 14593, 1700
2a0d:3344:1c00::/38, 14593, 1699
2a0d:3344:2000::/38, 14593, 1650
2a0d:3344:2400::/38, 14593, 1650
2a0d:3344:3000::/38, 14593, 1661
2a0d:3344:3400::/38, 14593, 1661
2a0d:3344:3800::/38, 14593, 1661
2c0f:2a80::/38, 14593, 2611
2c0f:2a80:400::/38, 14593, 2612
2c0f:2a80:800::/38, 14593, 2611
2c0f:2a80:1000::/38, 14593, 1702
2c0f:2a80:1400::/38, 14593, 1702
2c0f:2a80:2000::/38, 14593, 1701
2c0f:2a80:2400::/38, 14593, 2561
14.1.64.0/22, 14593, 1723
14.1.68.0/24, 14593, 2545
14.1.69.0/24, 14593, 1510
14.1.70.0/24, 14593, 1509
14.1.71.0/24, 14593, 2572
14.1.76.0/24, 14593, 1414
14.1.77.0/24, 14593, 1510
14.1.78.0/23, 14593, 2562
14.1.80.0/24, 14593, 2572
14.1.81.0/24, 14593, 1413
14.1.82.0/23, 14593, 2562
14.1.84.0/22, 14593, 2562
14.1.88.0/24, 14593, 2572
14.1.89.0/24, 14593, 1507
14.1.90.0/24, 14593, 2572
14.1.91.0/24, 14593, 2562
14.1.92.0/24, 14593, 1723
14.1.93.0/24, 14593, 2535
27.131.248.0/23, 45700, 1471
27.131.250.0/24, 45700, 1471
27.131.251.0/24, 45700, 1459
65.181.0.0/22, 14593, 2571
65.181.4.0/22, 14593, 1414
65.181.8.0/24, 14593, 1723
65.181.9.0/24, 14593, 1722
65.181.10.0/24, 14593, 2572
65.181.11.0/24, 14593, 2574
65.181.12.0/22, 14593, 2571
65.181.16.0/22, 14593, 1408
65.181.20.0/22, 14593, 2544
65.181.24.0/23, 14593, 1721
65.181.26.0/23, 14593, 2572
65.181.28.0/24, 14593, 1413
65.181.29.0/24, 14593, 1413
65.181.30.0/24, 14593, 2545
65.181.31.0/24, 14593, 2572
66.9.160.0/24, 14593, 2373
66.9.161.0/24, 14593, 1404
66.9.162.0/23, 14593, 1384
66.9.164.0/23, 14593, 1384
66.9.166.0/23, 14593, 1385
66.9.168.0/23, 14593, 1384
66.9.170.0/24, 14593, 1385
66.9.171.0/24, 14593, 1385
66.9.172.0/24, 14593, 1385
66.9.173.0/24, 14593, 1383
66.9.174.0/23, 14593, 1382
66.9.176.0/23, 14593, 1402
66.9.178.0/24, 14593, 1388
66.9.179.0/24, 14593, 1383
66.9.180.0/22, 14593, 1403
66.9.184.0/23, 14593, 1389
66.9.186.0/23, 14593, 1389
66.9.188.0/22, 14593, 1386
87.251.24.0/24, 14593, 1445
87.251.25.0/24, 14593, 1445
87.251.26.0/24, 14593, 1405
87.251.27.0/24, 14593, 1419
87.251.28.0/24, 14593, 1419
87.251.29.0/24, 14593, 1419
87.251.30.0/24, 14593, 1445
87.251.31.0/24, 14593, 1445
91.102.180.0/23, 14593, 1445
91.102.182.0/23, 14593, 1445
98.97.0.0/21, 14593, 1389
98.97.8.0/21, 14593, 1389
98.97.16.0/21, 14593, 1405
98.97.24.0/21, 14593, 1392
98.97.32.0/21, 14593, 1414
98.97.40.0/21, 14593, 1415
98.97.48.0/24, 14593, 1384
98.97.49.0/24, 14593, 1385
98.97.50.0/24, 14593, 1385
98.97.51.0/24, 14593, 1384
98.97.52.0/24, 14593, 1384
98.97.53.0/24, 14593, 1385
98.97.54.0/24, 14593, 1385
98.97.55.0/24, 14593, 1437
98.97.56.0/21, 14593, 1387
98.97.64.0/21, 14593, 1414
98.97.72.0/24, 14593, 1404
98.97.73.0/24, 14593, 1417
98.97.74.0/24, 14593, 1413
98.97.75.0/24, 14593, 2385
98.97.76.0/24, 14593, 1385
98.97.77.0/24, 14593, 2385
98.97.78.0/23, 14593, 2382
98.97.80.0/21, 14593, 1390
98.97.88.0/21, 14593, 1391
98.97.96.0/21, 14593, 1413
98.97.104.0/21, 14593, 1383
98.97.112.0/22, 14593, 1402
98.97.116.0/22, 14593, 1403
98.97.120.0/21, 14593, 1389
98.97.128.0/23, 14593, 1435
98.97.130.0/24, 14593, 1435
98.97.131.0/24, 14593, 1435
98.97.132.0/23, 14593, 1404
98.97.134.0/23, 14593, 1437
98.97.136.0/21, 14593, 1388
98.97.144.0/24, 14593, 1392
98.97.145.0/24, 14593, 2395
98.97.146.0/23, 14593, 1403
98.97.148.0/23, 14593, 1437
98.97.150.0/23, 14593, 1445
98.97.152.0/22, 14593, 1387
98.97.156.0/23, 14593, 1437
98.97.158.0/24, 14593, 1443
98.97.159.0/24, 14593, 2385
98.97.160.0/23, 14593, 1443
98.97.162.0/23, 14593, 2395
98.97.164.0/23, 14593, 1381
98.97.166.0/23, 14593, 1385
98.97.168.0/21, 14593, 1383
98.97.176.0/22, 14593, 2395
98.97.180.0/24, 14593, 1445
98.97.181.0/24, 14593, 2395
98.97.182.0/24, 14593, 2395
98.97.183.0/24, 14593, 2395
98.97.184.0/24, 14593, 1385
98.97.185.0/24, 14593, 1445
98.97.186.0/23, 14593, 1385
98.97.188.0/23, 14593, 1403
98.97.190.0/23, 14593, 1388
102.215.56.0/23, 14593, 2385
102.215.58.0/24, 14593, 2385
102.215.59.0/24, 14593, 2385
103.152.126.0/24, 14593, 2580
103.152.127.0/24, 14593, 1515
103.228.240.0/22, 45700, 1471
103.235.92.0/24, 14593, 2578
103.235.93.0/24, 14593, 1723
103.235.94.0/23, 14593, 1723
116.91.208.0/23, 14593, 1409
116.91.210.0/23, 14593, 2553
116.91.212.0/23, 14593, 2562
116.91.214.0/24, 14593, 2565
116.254.96.0/23, 45700, 1469
116.254.98.0/23, 45700, 1469
119.11.204.0/24, 45700, 1456
119.11.204.0/23, 45700, 1469
119.11.205.0/24, 45700, 1459
129.222.0.0/23, 14593, 1385
129.222.2.0/23, 14593, 1388
129.222.4.0/22, 14593, 1388
129.222.8.0/21, 14593, 1389
129.222.16.0/21, 14593, 1389
129.222.24.0/21, 14593, 1389
129.222.32.0/21, 14593, 1382
129.222.40.0/21, 14593, 1400
129.222.48.0/21, 14593, 1383
129.222.56.0/24, 14593, 1385
129.222.57.0/24, 14593, 1385
129.222.58.0/23, 14593, 1385
129.222.60.0/23, 14593, 1381
129.222.62.0/23, 14593, 1381
129.222.64.0/23, 14593, 1384
129.222.66.0/23, 14593, 6
129.222.66.0/24, 14593, 2527
129.222.67.0/24, 14593, 1388
129.222.68.0/24, 14593, 1385
129.222.69.0/24, 14593, 1418
129.222.70.0/23, 14593, 1444
129.222.72.0/21, 14593, 1390
129.222.80.0/21, 14593, 1381
129.222.88.0/23, 14593, 1384
129.222.90.0/23, 14593, 1383
129.222.92.0/24, 14593, 1388
129.222.93.0/24, 14593, 1389
129.222.94.0/24, 14593, 1405
129.222.95.0/24, 14593, 2393
129.222.96.0/23, 14593, 1399
129.222.98.0/23, 14593, 1404
129.222.100.0/22, 14593, 1403
129.222.104.0/24, 14593, 1444
129.222.105.0/24, 14593, 1403
129.222.106.0/24, 14593, 1445
129.222.107.0/24, 14593, 1381
129.222.108.0/23, 14593, 1445
129.222.110.0/23, 14593, 1384
129.222.112.0/22, 14593, 1397
129.222.116.0/24, 14593, 1445
129.222.117.0/24, 14593, 1417
129.222.118.0/23, 14593, 1384
129.222.120.0/21, 14593, 1390
129.222.128.0/21, 14593, 1400
129.222.136.0/21, 14593, 1389
129.222.144.0/23, 14593, 2385
129.222.146.0/23, 14593, 1443
129.222.148.0/23, 14593, 2395
129.222.150.0/23, 14593, 1404
129.222.152.0/21, 14593, 1398
129.222.160.0/23, 14593, 1390
129.222.162.0/23, 14593, 1390
129.222.164.0/24, 14593, 1444
129.222.165.0/24, 14593, 1381
129.222.166.0/23, 14593, 1405
129.222.168.0/21, 14593, 1436
129.222.176.0/21, 14593, 1443
129.222.184.0/23, 14593, 1388
129.222.186.0/23, 14593, 1381
129.222.188.0/23, 14593, 1419
129.222.190.0/23, 14593, 1419
129.222.192.0/21, 14593, 1403
129.222.200.0/23, 14593, 1383
129.222.202.0/23, 14593, 1439
129.222.204.0/22, 14593, 2385
129.222.208.0/22, 14593, 1405
129.222.212.0/23, 14593, 2395
129.222.214.0/23, 14593, 1434
129.222.224.0/21, 14593, 1405
129.222.232.0/21, 14593, 1405
129.222.240.0/21, 14593, 1405
129.222.248.0/21, 14593, 1381
129.224.192.0/21, 14593, 1391
129.224.200.0/24, 14593, 1385
129.224.201.0/24, 14593, 2385
129.224.202.0/24, 14593, 2385
129.224.204.0/24, 14593, 2385
129.224.205.0/24, 14593, 2385
129.224.206.0/24, 14593, 1416
129.224.207.0/24, 14593, 1416
129.224.208.0/24, 14593, 1405
129.224.216.0/24, 14593, 1409
129.224.217.0/24, 14593, 1402
129.224.219.0/24, 14593, 1378
129.224.220.0/24, 14593, 1378
129.224.223.0/24, 14593, 1386
135.129.2.0/24, 14593, 2652
135.129.3.0/24, 14593, 1488
135.129.4.0/24, 14593, 2646
135.129.5.0/24, 14593, 2655
135.129.6.0/24, 14593, 1483
135.129.7.0/24, 14593, 1425
135.129.8.0/24, 14593, 1491
135.129.9.0/24, 14593, 1510
135.129.10.0/24, 14593, 1484
135.129.11.0/24, 14593, 1487
135.129.12.0/24, 14593, 1484
135.129.13.0/24, 14593, 1485
135.129.14.0/24, 14593, 1488
135.129.15.0/24, 14593, 1480
135.129.16.0/24, 14593, 1485
135.129.17.0/24, 14593, 1484
135.129.18.0/24, 14593, 1418
135.129.19.0/24, 14593, 1441
135.129.20.0/24, 14593, 1482
135.129.21.0/24, 14593, 1485
135.129.22.0/24, 14593, 1481
135.129.23.0/24, 14593, 1483
135.129.24.0/24, 14593, 1488
135.129.25.0/24, 14593, 1480
135.129.26.0/24, 14593, 1483
135.129.27.0/24, 14593, 1487
135.129.28.0/24, 14593, 1486
135.129.29.0/24, 14593, 2655
135.129.30.0/24, 14593, 2657
135.129.31.0/24, 14593, 1446
135.129.32.0/24, 14593, 1485
135.129.33.0/24, 14593, 2652
135.129.34.0/24, 14593, 1487
135.129.36.0/24, 14593, 1513
135.129.37.0/24, 14593, 1525
135.129.38.0/24, 14593, 1513
135.129.39.0/24, 14593, 2395
135.129.40.0/24, 14593, 1483
135.129.41.0/24, 14593, 1487
135.129.42.0/24, 14593, 1505
135.129.43.0/24, 14593, 2652
135.129.44.0/24, 14593, 1445
135.129.45.0/24, 14593, 2658
135.129.46.0/24, 14593, 1488
135.129.47.0/24, 14593, 2652
135.129.48.0/24, 14593, 1525
135.129.49.0/24, 14593, 1503
135.129.50.0/24, 14593, 1510
135.129.51.0/24, 14593, 1441
135.129.52.0/24, 14593, 2395
135.129.53.0/24, 14593, 1452
135.129.54.0/24, 14593, 1423
135.129.55.0/24, 14593, 1423
135.129.56.0/24, 14593, 1435
135.129.57.0/24, 14593, 1481
135.129.58.0/24, 14593, 1487
135.129.59.0/24, 14593, 1418
135.129.60.0/24, 14593, 1491
135.129.61.0/24, 14593, 1484
135.129.62.0/24, 14593, 1486
135.129.63.0/24, 14593, 1485
135.129.112.0/23, 14593, 1405
135.129.114.0/24, 14593, 1436
135.129.115.0/24, 14593, 1414
135.129.116.0/24, 14593, 1390
135.129.117.0/24, 14593, 1399
135.129.118.0/23, 14593, 1382
135.129.120.0/23, 14593, 1443
135.129.122.0/24, 14593, 1395
135.129.123.0/24, 14593, 1398
135.129.124.0/23, 14593, 1443
135.129.127.0/24, 14593, 1445
135.129.240.0/24, 14593, 1386
135.129.244.0/24, 14593, 1414
135.129.248.0/24, 14593, 1388
135.129.249.0/24, 14593, 1388
135.129.250.0/24, 14593, 1398
135.129.251.0/24, 14593, 1396
135.129.252.0/24, 14593, 1408
135.129.253.0/24, 14593, 1414
135.129.254.0/24, 14593, 1399
137.83.112.0/24, 14593, 1482
137.83.113.0/24, 14593, 1515
137.83.114.0/24, 14593, 2644
137.83.116.0/24, 14593, 1417
137.83.117.0/24, 14593, 1452
137.83.118.0/24, 14593, 1400
137.83.121.0/24, 14593, 2402
137.83.122.0/24, 14593, 2402
137.83.123.0/24, 14593, 1500
137.83.124.0/24, 14593, 1498
137.83.126.0/24, 14593, 1720
138.84.32.0/22, 14593, 1435
138.84.36.0/24, 14593, 1384
138.84.37.0/24, 14593, 1436
138.84.38.0/23, 14593, 1444
138.84.40.0/23, 14593, 1440
138.84.42.0/24, 14593, 1426
138.84.43.0/24, 14593, 1444
138.84.44.0/23, 14593, 1384
138.84.46.0/24, 14593, 1440
138.84.47.0/24, 14593, 1436
138.84.48.0/23, 14593, 1440
138.84.50.0/24, 14593, 1444
138.84.51.0/24, 14593, 1427
138.84.52.0/24, 14593, 1383
138.84.53.0/24, 14593, 1438
138.84.54.0/23, 14593, 1382
138.84.56.0/24, 14593, 1384
138.84.57.0/24, 14593, 1385
138.84.58.0/24, 14593, 1424
138.84.59.0/24, 14593, 1381
138.84.60.0/24, 14593, 1382
138.84.61.0/24, 14593, 1388
138.84.62.0/23, 14593, 1384
143.131.0.0/24, 14593, 1416
143.131.1.0/24, 14593, 1408
143.131.2.0/24, 14593, 1714
143.131.3.0/24, 14593, 2542
143.131.4.0/24, 14593, 1382
143.131.5.0/24, 14593, 1414
143.131.6.0/24, 14593, 1399
143.131.7.0/24, 14593, 1419
143.131.8.0/24, 14593, 1384
143.131.9.0/24, 14593, 1382
143.131.10.0/24, 14593, 1405
143.131.11.0/24, 14593, 1427
143.131.12.0/24, 14593, 1381
143.131.13.0/24, 14593, 1382
143.131.14.0/24, 14593, 1399
143.131.15.0/24, 14593, 1382
145.224.64.0/21, 14593, 1396
145.224.72.0/21, 14593, 1445
145.224.80.0/24, 14593, 1397
145.224.81.0/24, 14593, 1416
145.224.82.0/23, 14593, 1443
145.224.84.0/24, 14593, 1437
145.224.85.0/24, 14593, 1417
145.224.86.0/24, 14593, 1443
145.224.87.0/24, 14593, 1443
145.224.88.0/22, 14593, 1395
145.224.92.0/24, 14593, 1397
145.224.93.0/24, 14593, 1445
145.224.94.0/24, 14593, 1392
145.224.95.0/24, 14593, 1445
145.224.96.0/21, 14593, 1445
145.224.104.0/22, 14593, 1445
145.224.108.0/24, 14593, 1419
145.224.109.0/24, 14593, 1392
145.224.110.0/23, 14593, 1392
145.224.112.0/21, 14593, 1445
145.224.120.0/22, 14593, 1445
145.224.124.0/22, 14593, 1404
148.222.128.0/23, 14593, 1426
148.222.130.0/23, 14593, 1435
148.222.132.0/23, 14593, 1384
148.222.134.0/24, 14593, 1427
148.222.135.0/24, 14593, 1436
148.222.192.0/23, 14593, 1426
148.222.194.0/23, 14593, 1437
148.222.196.0/24, 14593, 1444
148.222.197.0/24, 14593, 1426
148.222.198.0/23, 14593, 1440
148.222.200.0/24, 14593, 1440
148.222.201.0/24, 14593, 1444
148.222.202.0/23, 14593, 1435
148.222.204.0/23, 14593, 1436
148.222.206.0/23, 14593, 1426
148.222.208.0/23, 14593, 1418
148.222.210.0/23, 14593, 1426
148.222.212.0/23, 14593, 1442
148.222.214.0/23, 14593, 1434
148.222.216.0/24, 14593, 1425
148.222.217.0/24, 14593, 1434
149.19.108.0/23, 14593, 2796
149.19.160.0/24, 14593, 1440
149.19.161.0/24, 14593, 1444
149.19.162.0/24, 14593, 1439
149.19.163.0/24, 14593, 1440
149.19.164.0/22, 14593, 1427
149.19.168.0/23, 14593, 1383
149.19.170.0/24, 14593, 1389
149.19.171.0/24, 14593, 1389
149.19.172.0/23, 14593, 1426
149.19.174.0/24, 14593, 1440
149.19.175.0/24, 14593, 1427
162.43.192.0/22, 14593, 1445
164.152.165.0/24, 14593, 1389
169.150.16.0/24, 14593, 1388
169.150.17.0/24, 14593, 1386
169.150.18.0/24, 14593, 1414
169.155.224.0/21, 14593, 1445
169.155.232.0/24, 14593, 1445
169.155.233.0/24, 14593, 1404
169.155.234.0/23, 14593, 1403
169.155.236.0/23, 14593, 1403
169.155.238.0/23, 14593, 1394
169.155.240.0/23, 14593, 1443
169.155.242.0/23, 14593, 1394
169.155.244.0/22, 14593, 1397
169.155.248.0/22, 14593, 1404
169.155.252.0/22, 14593, 1396
170.203.64.0/24, 14593, 1402
170.203.65.0/24, 14593, 1414
170.203.66.0/24, 14593, 2540
170.203.67.0/24, 14593, 1382
170.203.68.0/24, 14593, 1440
170.203.69.0/24, 14593, 1388
170.203.70.0/24, 14593, 1382
170.203.71.0/24, 14593, 1390
170.203.72.0/24, 14593, 1382
170.203.73.0/24, 14593, 1445
170.203.74.0/24, 14593, 1446
170.203.75.0/24, 14593, 1397
170.203.76.0/24, 14593, 1389
170.203.77.0/24, 14593, 1404
170.203.78.0/24, 14593, 1405
170.203.79.0/24, 14593, 1445
170.203.80.0/24, 14593, 1436
170.203.81.0/24, 14593, 1427
170.203.82.0/24, 14593, 2573
170.203.83.0/24, 14593, 1414
170.203.84.0/24, 14593, 1444
170.203.85.0/24, 14593, 2386
170.203.86.0/24, 14593, 1414
170.203.87.0/24, 14593, 1388
170.203.88.0/24, 14593, 1405
170.203.89.0/24, 14593, 1384
170.203.90.0/24, 14593, 1388
170.203.91.0/24, 14593, 1388
170.203.92.0/24, 14593, 1414
170.203.93.0/24, 14593, 1389
170.203.94.0/24, 14593, 1403
170.203.95.0/24, 14593, 2573
170.203.192.0/23, 14593, 1382
170.203.194.0/24, 14593, 1414
170.203.195.0/24, 14593, 2562
170.203.196.0/23, 14593, 1418
170.203.198.0/24, 14593, 1417
170.203.199.0/24, 14593, 1445
170.203.200.0/21, 14593, 1414
170.203.208.0/21, 14593, 1414
170.203.216.0/23, 14593, 1414
170.203.218.0/23, 14593, 1414
170.203.220.0/23, 14593, 1412
170.203.222.0/24, 14593, 1445
170.203.223.0/24, 14593, 1445
173.250.200.0/24, 14593, 1386
173.250.208.0/24, 14593, 1385
173.250.209.0/24, 14593, 1388
173.250.210.0/24, 14593, 1403
173.250.211.0/24, 14593, 1391
173.250.212.0/24, 14593, 1402
173.250.213.0/24, 14593, 1387
173.250.214.0/24, 14593, 1395
173.250.215.0/24, 14593, 1388
173.250.216.0/24, 14593, 1445
173.250.217.0/24, 14593, 2564
173.250.218.0/24, 14593, 1437
173.250.219.0/24, 14593, 1388
173.250.220.0/24, 14593, 1414
173.250.221.0/24, 14593, 1419
173.250.222.0/24, 14593, 1385
173.250.223.0/24, 14593, 1445
176.116.124.0/23, 14593, 1403
179.60.168.0/22, 14593, 1416
179.60.172.0/24, 14593, 1426
179.60.173.0/24, 14593, 1383
179.60.174.0/23, 14593, 1383
188.92.248.0/22, 14593, 1445
188.92.252.0/23, 14593, 1402
188.92.254.0/24, 14593, 1419
188.92.255.0/24, 14593, 1419
188.95.144.0/23, 14593, 1445
198.54.103.0/24, 14593, 1454
200.189.16.0/23, 14593, 1444
200.189.18.0/24, 14593, 1440
200.189.19.0/24, 14593, 1385
200.189.20.0/23, 14593, 1384
200.189.22.0/24, 14593, 1437
200.189.23.0/24, 14593, 1433
200.189.24.0/23, 14593, 1427
200.189.26.0/23, 14593, 1437
200.189.28.0/23, 14593, 1424
200.189.30.0/24, 14593, 1436
200.189.31.0/24, 14593, 1434
202.125.100.0/24, 45700, 1469
202.125.101.0/24, 45700, 1458
203.17.80.0/24, 14593, 2544
203.17.81.0/24, 14593, 1445
203.17.82.0/24, 14593, 1443
203.17.83.0/24, 14593, 1408
203.17.84.0/24, 14593, 2570
203.17.85.0/24, 14593, 2570
203.17.86.0/24, 14593, 1408
203.17.87.0/24, 14593, 1509
205.174.157.0/24, 14593, 1413
206.83.96.0/21, 14593, 2538
206.83.104.0/24, 14593, 1414
206.83.105.0/24, 14593, 2566
206.83.106.0/24, 14593, 1414
206.83.107.0/24, 14593, 2566
206.83.108.0/24, 14593, 1406
206.83.109.0/24, 14593, 1411
206.83.110.0/24, 14593, 1406
206.83.111.0/24, 14593, 2539
206.83.112.0/21, 14593, 2570
206.83.120.0/22, 14593, 2571
206.83.124.0/23, 14593, 1414
206.83.126.0/24, 14593, 1516
206.83.127.0/24, 14593, 1511
206.214.224.0/24, 14593, 1457
206.214.225.0/24, 14593, 1454
206.214.226.0/24, 14593, 1471
206.214.227.0/24, 14593, 2631
206.214.228.0/24, 14593, 1410
206.214.229.0/24, 14593, 1388
206.214.239.0/24, 14593, 1412
206.224.64.0/21, 14593, 1440
206.224.64.0/20, 14593, 2788
206.224.80.0/24, 14593, 1414
206.224.80.0/23, 14593, 1414
206.224.81.0/24, 14593, 1414
206.224.82.0/23, 14593, 1397
206.224.82.0/24, 14593, 1397
206.224.83.0/24, 14593, 1397
206.224.84.0/23, 14593, 1385
206.224.84.0/24, 14593, 1385
206.224.85.0/24, 14593, 1385
206.224.86.0/23, 14593, 1388
206.224.86.0/24, 14593, 1388
206.224.87.0/24, 14593, 1388
206.224.88.0/23, 14593, 1382
206.224.88.0/24, 14593, 1382
206.224.89.0/24, 14593, 1382
206.224.90.0/24, 14593, 1418
206.224.90.0/23, 14593, 1374
206.224.91.0/24, 14593, 1417
206.224.92.0/24, 14593, 1373
206.224.95.0/24, 14593, 6
209.198.128.0/23, 14593, 1396
209.198.130.0/24, 14593, 1397
209.198.131.0/24, 14593, 1419
209.198.132.0/22, 14593, 1443
209.198.136.0/23, 14593, 1443
209.198.138.0/24, 14593, 1443
209.198.139.0/24, 14593, 1443
209.198.140.0/23, 14593, 1443
209.198.142.0/24, 14593, 1397
209.198.143.0/24, 14593, 1392
209.198.144.0/21, 14593, 1445
209.198.152.0/21, 14593, 1445
212.105.128.0/23, 14593, 1388
212.105.130.0/23, 14593, 1388
212.105.132.0/23, 14593, 1403
212.105.134.0/24, 14593, 1414
212.105.135.0/24, 14593, 1397
212.105.136.0/24, 14593, 1397
212.105.137.0/24, 14593, 1404
212.105.138.0/24, 14593, 1436
212.105.139.0/24, 14593, 1443
212.105.140.0/23, 14593, 1402
212.105.144.0/24, 14593, 1412
212.105.145.0/24, 14593, 1395
212.105.146.0/23, 14593, 1395
212.105.148.0/24, 14593, 1445
212.105.149.0/24, 14593, 1383
212.105.150.0/24, 14593, 1397
212.105.151.0/24, 14593, 1404
216.128.0.0/24, 14593, 1445
216.128.1.0/24, 14593, 1392
216.128.2.0/23, 14593, 1397
216.128.4.0/24, 14593, 1419
216.128.5.0/24, 14593, 1404
216.128.6.0/24, 14593, 1419
216.128.7.0/24, 14593, 1419
216.128.8.0/24, 14593, 1445
216.128.9.0/24, 14593, 1397
216.128.10.0/23, 14593, 1401
216.128.12.0/24, 14593, 1445
216.128.13.0/24, 14593, 1397
216.128.14.0/23, 14593, 1445
216.128.16.0/24, 14593, 1417
216.128.17.0/24, 14593, 1390
216.128.18.0/23, 14593, 1417
216.128.20.0/23, 14593, 1445
216.128.22.0/23, 14593, 1404
216.128.24.0/24, 14593, 1445
216.128.25.0/24, 14593, 1418
216.128.26.0/23, 14593, 1418
216.128.28.0/23, 14593, 1397
216.128.30.0/23, 14593, 1396
216.147.120.0/21, 14593, 1383
216.180.80.0/24, 14593, 1437
216.180.81.0/24, 14593, 1427
216.180.82.0/24, 14593, 1388
216.180.83.0/24, 14593, 2384
216.180.84.0/24, 14593, 1436
217.65.136.0/22, 14593, 1445
217.65.140.0/24, 14593, 1445
217.65.141.0/24, 14593, 1404
217.65.142.0/24, 14593, 1445
217.65.143.0/24, 14593, 1397
217.142.16.0/22, 14593, 1445
217.142.20.0/22, 14593, 1413
217.142.24.0/24, 14593, 1414
217.142.25.0/24, 14593, 1435
217.142.26.0/24, 14593, 1413
217.142.27.0/24, 14593, 1435
217.142.28.0/24, 14593, 1413
217.142.29.0/24, 14593, 1414
217.142.30.0/24, 14593, 1435
217.142.31.0/24, 14593, 1414
